usp_category,usp_class,usp_drug,generic_name
analgesics,nonsteroidal anti-inflammatory drugs,celecoxib,celecoxib
analgesics,nonsteroidal anti-inflammatory drugs,diclofenac,diclofenac potassium
analgesics,nonsteroidal anti-inflammatory drugs,diclofenac,diclofenac sodium
analgesics,nonsteroidal anti-inflammatory drugs,etodolac,etodolac
analgesics,nonsteroidal anti-inflammatory drugs,flurbiprofen,flurbiprofen
analgesics,nonsteroidal anti-inflammatory drugs,ibuprofen,ibuprofen
analgesics,nonsteroidal anti-inflammatory drugs,ketorolac,ketorolac tromethamine
analgesics,nonsteroidal anti-inflammatory drugs,mefenamic acid,mefenamic acid
analgesics,nonsteroidal anti-inflammatory drugs,meloxicam,meloxicam
analgesics,nonsteroidal anti-inflammatory drugs,nabumetone,nabumetone
analgesics,nonsteroidal anti-inflammatory drugs,naproxen,naproxen sodium
analgesics,nonsteroidal anti-inflammatory drugs,oxaprozin,oxaprozin
analgesics,nonsteroidal anti-inflammatory drugs,sulindac,sulindac
analgesics,"opioid analgesics, long-acting",fentanyl,fentanyl citrate
analgesics,"opioid analgesics, long-acting",morphine,morphine sulfate
analgesics,"opioid analgesics, long-acting",oxymorphone,oxymorphone hydrochloride
analgesics,"opioid analgesics, long-acting",tramadol,tramadol hydrochloride
analgesics,"opioid analgesics, short-acting",fentanyl,fentanyl citrate
analgesics,"opioid analgesics, short-acting",nalbuphine,nalbuphine
analgesics,"opioid analgesics, short-acting",oxymorphone,oxymorphone hydrochloride
analgesics,"opioid analgesics, short-acting",pentazocine,pentazocine
analgesics,"opioid analgesics, short-acting",pentazocine,pentazocine hydrochloride
analgesics,"opioid analgesics, short-acting",tapentadol,tapentadol hydrochloride
analgesics,"opioid analgesics, short-acting",tramadol,tramadol hydrochloride
anti-addiction/substance abuse treatment agents,smoking cessation agents,bupropion,bupropion hydrochloride
anti-addiction/substance abuse treatment agents,smoking cessation agents,varenicline,varenicline tartrate
antibacterials,aminoglycosides,amikacin,amikacin
antibacterials,"beta-lactam, cephalosporins",cefazolin,cefazolin sodium
antibacterials,"beta-lactam, cephalosporins",cephalexin,cephalexin
antibacterials,"beta-lactam, cephalosporins",cefprozil,cefprozil
antibacterials,"beta-lactam, cephalosporins",cefprozil,cefprozil
antibacterials,"beta-lactam, cephalosporins",cefuroxime,cefuroxime axetil
antibacterials,"beta-lactam, cephalosporins",cefdinir,cefdinir
antibacterials,"beta-lactam, cephalosporins",cefditoren,cefditoren
antibacterials,"beta-lactam, cephalosporins",cefotaxime,cefotaxime
antibacterials,"beta-lactam, cephalosporins",cefpodoxime,cefpodoxime proxetil
antibacterials,"beta-lactam, cephalosporins",ceftriaxone,ceftriaxone sodium
antibacterials,"beta-lactam, cephalosporins",cefepime,cefepime hydrochloride
antibacterials,"beta-lactam, penicillins",ampicillin,ampicillin sodium
antibacterials,"beta-lactam, other",aztreonam,aztreonam
antibacterials,"beta-lactam, other",doripenem,doripenem
antibacterials,"beta-lactam, other",ertapenem,ertapenem
antibacterials,macrolides,clarithromycin,clarithromycin
antibacterials,quinolones,ciprofloxacin,ciprofloxacin
antibacterials,quinolones,gemifloxacin,gemifloxacin
antibacterials,quinolones,ofloxacin,ofloxacin
antibacterials,sulfonamides,sulfacetamide,sulfacetamide sodium
antibacterials,tetracyclines,doxycycline,doxycycline hydrochloride
antibacterials,tetracyclines,minocycline,minocycline hydrochloride
antibacterials,"antibacterials, other",vancomycin,vancomycin hydrochloride
antibacterials,"antibacterials, other",clindamycin,clindamycin
antibacterials,"antibacterials, other",nitrofurantoin,nitrofurantoin
antibacterials,"antibacterials, other",linezolid,linezolid
antibacterials,"antibacterials, other",fosfomycin,fosfomycin sodium
antibacterials,"antibacterials, other",methenamine,methenamine hippurate
antibacterials,"antibacterials, other",metronidazole,metronidazole
antibacterials,"antibacterials, other",mupirocin,mupirocin
antibacterials,"antibacterials, other",polymyxin b,polymyxin b sulfate
antibacterials,"antibacterials, other",retapamulin,retapamulin
antibacterials,"antibacterials, other",rifaximin,rifaximin
antibacterials,"antibacterials, other",tinidazole,tinidazole
antibacterials,"antibacterials, other",tigecycline,tigecycline
anticonvulsants,calcium channel modifying agents,ethosuximide,ethosuximide
anticonvulsants,calcium channel modifying agents,pregabalin,pregabalin
anticonvulsants,calcium channel modifying agents,zonisamide,zonisamide
anticonvulsants,gamma-aminobutyric acid (gaba) augmenting agents,clobazam,clobazam
anticonvulsants,gamma-aminobutyric acid (gaba) augmenting agents,clonazepam,clonazepam
anticonvulsants,gamma-aminobutyric acid (gaba) augmenting agents,diazepam,diazepam
anticonvulsants,gamma-aminobutyric acid (gaba) augmenting agents,lorazepam,lorazepam
anticonvulsants,gamma-aminobutyric acid (gaba) augmenting agents,primidone,primidone
anticonvulsants,gamma-aminobutyric acid (gaba) augmenting agents,gabapentin,gabapentin
anticonvulsants,gamma-aminobutyric acid (gaba) augmenting agents,primidone,primidone
anticonvulsants,glutamate reducing agents,lamotrigine,lamotrigine
anticonvulsants,glutamate reducing agents,perampanel,perampanel
anticonvulsants,glutamate reducing agents,topiramate,topiramate
anticonvulsants,sodium channel agents,carbamazepine,carbamazepine
anticonvulsants,sodium channel agents,eslicarbazepine,eslicarbazepine acetate
anticonvulsants,sodium channel agents,fosphenytoin,fosphenytoin sodium
anticonvulsants,sodium channel agents,oxcarbazepine,oxcarbazepine
anticonvulsants,sodium channel agents,phenytoin,phenytoin sodium
anticonvulsants,"anticonvulsants, other",levetiracetam,levetiracetam
antidementia agents,cholinesterase inhibitors,donepezil,donepezil hydrochloride
antidementia agents,cholinesterase inhibitors,rivastigmine,rivastigmine tartrate
antidementia agents,n-methyl-d-aspartate (nmda) receptor antagonist,memantine,memantine hydrochloride
antidepressants,ssris/snris (selective serotonin reuptake inhibitors/serotonin and norepinephrine reuptake inhibitors),citalopram,citalopram hydrobromide
antidepressants,ssris/snris (selective serotonin reuptake inhibitors/serotonin and norepinephrine reuptake inhibitors),desvenlafaxine,desvenlafaxine
antidepressants,ssris/snris (selective serotonin reuptake inhibitors/serotonin and norepinephrine reuptake inhibitors),duloxetine,duloxetine hydrochloride
antidepressants,ssris/snris (selective serotonin reuptake inhibitors/serotonin and norepinephrine reuptake inhibitors),escitalopram,escitalopram oxalate
antidepressants,ssris/snris (selective serotonin reuptake inhibitors/serotonin and norepinephrine reuptake inhibitors),fluoxetine,fluoxetine hydrochloride
antidepressants,ssris/snris (selective serotonin reuptake inhibitors/serotonin and norepinephrine reuptake inhibitors),fluvoxamine,fluvoxamine maleate
antidepressants,ssris/snris (selective serotonin reuptake inhibitors/serotonin and norepinephrine reuptake inhibitors),levomilnacipran,levomilnacipran hydrochloride
antidepressants,ssris/snris (selective serotonin reuptake inhibitors/serotonin and norepinephrine reuptake inhibitors),maprotiline,maprotiline hydrochloride
antidepressants,ssris/snris (selective serotonin reuptake inhibitors/serotonin and norepinephrine reuptake inhibitors),paroxetine,paroxetine hydrochloride
antidepressants,ssris/snris (selective serotonin reuptake inhibitors/serotonin and norepinephrine reuptake inhibitors),sertraline,sertraline hydrochloride
antidepressants,ssris/snris (selective serotonin reuptake inhibitors/serotonin and norepinephrine reuptake inhibitors),venlafaxine,venlafaxine hydrochloride
antidepressants,ssris/snris (selective serotonin reuptake inhibitors/serotonin and norepinephrine reuptake inhibitors),vilazodone,vilazodone hydrochloride
antidepressants,tricyclics,amitriptyline,amitriptyline hydrochloride
antidepressants,tricyclics,clomipramine,clomipramine hydrochloride
antidepressants,tricyclics,imipramine,imipramine hydrochloride
antidepressants,tricyclics,nortriptyline,nortriptyline
antidepressants,"antidepressants, other",bupropion,bupropion hydrochloride
antidepressants,"antidepressants, other",mirtazapine,mirtazapine
antidepressants,"antidepressants, other",aripiprazole,aripiprazole
antidepressants,"antidepressants, other",quetiapine,quetiapine fumarate
antiemetics,emetogenic therapy adjuncts,granisetron,granisetron
antiemetics,emetogenic therapy adjuncts,ondansetron,ondansetron
antiemetics,emetogenic therapy adjuncts,palonosetron,palonosetron
antiemetics,emetogenic therapy adjuncts,aprepitant,aprepitant
antiemetics,"antiemetics, other",chlorpromazine,chlorpromazine hydrochloride
antiemetics,"antiemetics, other",diphenhydramine,diphenhydramine hydrochloride
antiemetics,"antiemetics, other",meclizine,meclizine hydrochloride
antiemetics,"antiemetics, other",metoclopramide,metoclopramide hydrochloride
antiemetics,"antiemetics, other",metoclopramide,metoclopramide hydrochloride
antiemetics,"antiemetics, other",prochlorperazine,prochlorperazine maleate
antiemetics,"antiemetics, other",promethazine,promethazine hydrochloride
anti-inflammatory agents,nonsteroidal anti-inflammatory drugs,celecoxib,celecoxib
anti-inflammatory agents,nonsteroidal anti-inflammatory drugs,diclofenac,diclofenac potassium
anti-inflammatory agents,nonsteroidal anti-inflammatory drugs,diclofenac,diclofenac sodium
anti-inflammatory agents,nonsteroidal anti-inflammatory drugs,etodolac,etodolac
anti-inflammatory agents,nonsteroidal anti-inflammatory drugs,flurbiprofen,flurbiprofen
anti-inflammatory agents,nonsteroidal anti-inflammatory drugs,ibuprofen,ibuprofen
anti-inflammatory agents,nonsteroidal anti-inflammatory drugs,ketorolac,ketorolac tromethamine
anti-inflammatory agents,nonsteroidal anti-inflammatory drugs,mefenamic acid,mefenamic acid
anti-inflammatory agents,nonsteroidal anti-inflammatory drugs,meloxicam,meloxicam
anti-inflammatory agents,nonsteroidal anti-inflammatory drugs,nabumetone,nabumetone
anti-inflammatory agents,nonsteroidal anti-inflammatory drugs,naproxen,naproxen sodium
anti-inflammatory agents,nonsteroidal anti-inflammatory drugs,oxaprozin,oxaprozin
anti-inflammatory agents,nonsteroidal anti-inflammatory drugs,sulindac,sulindac
antimigraine agents,serotonin (5-ht) 1b/1d receptor agonists,almotriptan,almotriptan
antimigraine agents,serotonin (5-ht) 1b/1d receptor agonists,rizatriptan,rizatriptan benzoate
antimigraine agents,serotonin (5-ht) 1b/1d receptor agonists,sumatriptan,sumatriptan
antimigraine agents,serotonin (5-ht) 1b/1d receptor agonists,zolmitriptan,zolmitriptan
antimigraine agents,prophylactic,timolol,timolol maleate
antimigraine agents,prophylactic,topiramate,topiramate
antimyasthenic agents,parasympathomimetics,pyridostigmine,pyridostigmine bromide
antimycobacterials,antituberculars,ethambutol,ethambutol
antimycobacterials,"antimycobacterials, other",dapsone,dapsone
antineoplastics,alkylating agents,chlorambucil,chlorambucil
antineoplastics,alkylating agents,melphalan,melphalan
antineoplastics,alkylating agents,busulfan,busulfan
antineoplastics,alkylating agents,cyclophosphamide,cyclophosphamide
antineoplastics,alkylating agents,cyclophosphamide,cyclophosphamide
antineoplastics,antiandrogens,bicalutamide,bicalutamide
antineoplastics,antiandrogens,flutamide,flutamide
antineoplastics,antiandrogens,abiraterone,abiraterone acetate
antineoplastics,antiangiogenic agents,lenalidomide,lenalidomide
antineoplastics,antiangiogenic agents,thalidomide,thalidomide
antineoplastics,antiestrogens/modifiers,tamoxifen,tamoxifen citrate
antineoplastics,antimetabolites,mercaptopurine,mercaptopurine
antineoplastics,antimetabolites,mercaptopurine,mercaptopurine
antineoplastics,antimetabolites,hydroxyurea,hydroxyurea
antineoplastics,"aromatase inhibitors, 3rd generation",anastrozole,anastrozole
antineoplastics,"aromatase inhibitors, 3rd generation",exemestane,exemestane
antineoplastics,"aromatase inhibitors, 3rd generation",letrozole,letrozole
antineoplastics,enzyme inhibitors,etoposide,etoposide
antineoplastics,enzyme inhibitors,topotecan,topotecan
antineoplastics,molecular target inhibitors,ibrutinib,ibrutinib
antineoplastics,molecular target inhibitors,afatinib,afatinib dimaleate
antineoplastics,molecular target inhibitors,erlotinib,erlotinib
antineoplastics,molecular target inhibitors,ruxolitinib,ruxolitinib
antineoplastics,molecular target inhibitors,everolimus,everolimus
antineoplastics,molecular target inhibitors,crizotinib,crizotinib
antineoplastics,molecular target inhibitors,dasatinib,dasatinib
antineoplastics,molecular target inhibitors,dasatinib,dasatinib
antineoplastics,molecular target inhibitors,imatinib,imatinib mesylate
antineoplastics,molecular target inhibitors,nilotinib,nilotinib
antineoplastics,molecular target inhibitors,ponatinib,ponatinib hydrochloride
antineoplastics,molecular target inhibitors,lapatinib,lapatinib
antineoplastics,molecular target inhibitors,axitinib,axitinib
antineoplastics,molecular target inhibitors,cabozantinib,cabozantinib
antineoplastics,molecular target inhibitors,pazopanib,pazopanib hydrochloride
antineoplastics,molecular target inhibitors,regorafenib,regorafenib
antineoplastics,molecular target inhibitors,sorafenib,sorafenib tosylate
antineoplastics,molecular target inhibitors,sunitinib,sunitinib
antineoplastics,monoclonal antibodies,rituximab,rituximab
antineoplastics,"antineoplastics, other",fludarabine,fludarabine phosphate
antiparasitics,anthelmintics,albendazole,albendazole
antiparasitics,anthelmintics,mebendazole,mebendazole
antiparasitics,antiprotozoals,chloroquine,chloroquine phosphate
antiparasitics,antiprotozoals,mefloquine,mefloquine
antiparasitics,antiprotozoals,primaquine,primaquine phosphate
antiparasitics,antiprotozoals,quinine,quinine sulfate
antiparasitics,antiprotozoals,nitazoxanide,nitazoxanide
antiparasitics,pediculicides/scabicides,crotamiton,crotamiton
antiparasitics,pediculicides/scabicides,permethrin,permethrin
antiparkinson agents,anticholinergics,diphenhydramine,diphenhydramine hydrochloride
antiparkinson agents,anticholinergics,trihexyphenidyl,trihexyphenidyl hydrochloride
antiparkinson agents,dopamine agonists,bromocriptine,bromocriptine mesylate
antiparkinson agents,dopamine agonists,pramipexole,pramipexole
antiparkinson agents,dopamine agonists,ropinirole,ropinirole
antiparkinson agents,monoamine oxidase b (mao-b) inhibitors,rasagiline,rasagiline
antiparkinson agents,"antiparkinson agents, other",amantadine,amantadine hydrochloride
antipsychotics,1st generation/typical,chlorpromazine,chlorpromazine hydrochloride
antipsychotics,1st generation/typical,fluphenazine,fluphenazine decanoate
antipsychotics,1st generation/typical,haloperidol,haloperidol
antipsychotics,1st generation/typical,prochlorperazine,prochlorperazine maleate
antipsychotics,1st generation/typical,trifluoperazine,trifluoperazine
antipsychotics,2nd generation/atypical,aripiprazole,aripiprazole
antipsychotics,2nd generation/atypical,iloperidone,iloperidone
antipsychotics,2nd generation/atypical,lurasidone,lurasidone hydrochloride
antipsychotics,2nd generation/atypical,olanzapine,olanzapine
antipsychotics,2nd generation/atypical,quetiapine,quetiapine fumarate
antipsychotics,2nd generation/atypical,paliperidone,paliperidone
antipsychotics,2nd generation/atypical,paliperidone,paliperidone palmitate
antipsychotics,2nd generation/atypical,ziprasidone,ziprasidone
antipsychotics,treatment-resistant,clozapine,clozapine
antivirals,anti-cytomegalovirus (cmv) agents,valganciclovir,valganciclovir
antivirals,anti-hepatitis b (hbv) agents,adefovir,adefovir dipivoxil
antivirals,anti-hepatitis b (hbv) agents,entecavir,entecavir
antivirals,anti-hepatitis b (hbv) agents,entecavir,entecavir
antivirals,anti-hepatitis b (hbv) agents,ribavirin,ribavirin
antivirals,anti-hepatitis b (hbv) agents,telbivudine,telbivudine
antivirals,anti-hepatitis b (hbv) agents,tenofovir,tenofovir disoproxil fumarate
antivirals,anti-hepatitis b (hbv) agents,tenofovir,tenofovir alafenamide
antivirals,anti-hepatitis c (hcv) agents,ribavirin,ribavirin
antivirals,anti-hepatitis c (hcv) agents,sofosbuvir,sofosbuvir
antivirals,antiherpetic agents,famciclovir,famciclovir
antivirals,antiherpetic agents,idoxuridine,idoxuridine
antivirals,antiherpetic agents,trifluridine,trifluridine
antivirals,"anti-hiv agents, non-nucleoside reverse transcriptase inhibitors (nnrti)",efavirenz,efavirenz
antivirals,"anti-hiv agents, nucleoside and nucleotide reverse transcriptase inhibitors (nrti)v",tenofovir,tenofovir disoproxil fumarate
antivirals,"anti-hiv agents, nucleoside and nucleotide reverse transcriptase inhibitors (nrti)v",tenofovir,tenofovir alafenamide
antivirals,"anti-hiv agents, protease inhibitors",nelfinavir,nelfinavir
antivirals,anti-influenza agents,amantadine,amantadine hydrochloride
antivirals,anti-influenza agents,oseltamivir,oseltamivir
anxiolytics,ssris/snris (selective serotonin reuptake inhibitors/serotonin and norepinephrine reuptake inhibitors),duloxetine,duloxetine hydrochloride
anxiolytics,ssris/snris (selective serotonin reuptake inhibitors/serotonin and norepinephrine reuptake inhibitors),escitalopram,escitalopram oxalate
anxiolytics,ssris/snris (selective serotonin reuptake inhibitors/serotonin and norepinephrine reuptake inhibitors),paroxetine,paroxetine hydrochloride
anxiolytics,ssris/snris (selective serotonin reuptake inhibitors/serotonin and norepinephrine reuptake inhibitors),sertraline,sertraline hydrochloride
anxiolytics,ssris/snris (selective serotonin reuptake inhibitors/serotonin and norepinephrine reuptake inhibitors),venlafaxine,venlafaxine hydrochloride
anxiolytics,benzodiazepines,alprazolam,alprazolam
anxiolytics,benzodiazepines,clonazepam,clonazepam
anxiolytics,benzodiazepines,diazepam,diazepam
anxiolytics,benzodiazepines,lorazepam,lorazepam
anxiolytics,benzodiazepines,oxazepam,oxazepam
bipolar agents,mood stabilizers,carbamazepine,carbamazepine
bipolar agents,mood stabilizers,lamotrigine,lamotrigine
bipolar agents,mood stabilizers,lithium,lithium carbonate
bipolar agents,"bipolar agents, other",aripiprazole,aripiprazole
bipolar agents,"bipolar agents, other",olanzapine,olanzapine
bipolar agents,"bipolar agents, other",quetiapine,quetiapine fumarate
bipolar agents,"bipolar agents, other",ziprasidone,ziprasidone
blood glucose regulators,antidiabetic agents,acarbose,acarbose
blood glucose regulators,antidiabetic agents,miglitol,miglitol
blood glucose regulators,antidiabetic agents,metformin,metformin hydrochloride
blood glucose regulators,antidiabetic agents,alogliptin,alogliptin benzoate
blood glucose regulators,antidiabetic agents,linagliptin,linagliptin
blood glucose regulators,antidiabetic agents,saxagliptin,saxagliptin
blood glucose regulators,antidiabetic agents,sitagliptin,sitagliptin
blood glucose regulators,antidiabetic agents,bromocriptine,bromocriptine mesylate
blood glucose regulators,antidiabetic agents,liraglutide,liraglutide
blood glucose regulators,antidiabetic agents,nateglinide,nateglinide
blood glucose regulators,antidiabetic agents,repaglinide,repaglinide
blood glucose regulators,antidiabetic agents,glimepiride,glimepiride
blood glucose regulators,antidiabetic agents,glipizide,glipizide
blood glucose regulators,antidiabetic agents,pioglitazone,pioglitazone
blood glucose regulators,glycemic agents,diazoxide,diazoxide
blood glucose regulators,insulins,insulin aspart,insulin aspart
blood glucose regulators,insulins,insulin glulisine,insulin glulisine
blood glucose regulators,insulins,insulin lispro,insulin lispro
blood glucose regulators,insulins,insulin detemir,insulin detemir
blood glucose regulators,insulins,insulin glargine,insulin glargine
blood products/modifiers/volume expanders,anticoagulants,dabigatran,dabigatran etexilate mesylate
blood products/modifiers/volume expanders,anticoagulants,apixaban,apixaban
blood products/modifiers/volume expanders,anticoagulants,rivaroxaban,rivaroxaban
blood products/modifiers/volume expanders,anticoagulants,fondaparinux,fondaparinux sodium
blood products/modifiers/volume expanders,anticoagulants,dalteparin,dalteparin sodium
blood products/modifiers/volume expanders,anticoagulants,enoxaparin,enoxaparin sodium
blood products/modifiers/volume expanders,anticoagulants,warfarin,warfarin sodium
blood products/modifiers/volume expanders,blood formation modifiers,filgrastim,filgrastim
blood products/modifiers/volume expanders,blood formation modifiers,darbepoetin alfa,darbepoetin alfa
blood products/modifiers/volume expanders,blood formation modifiers,eltrombopag olamine,eltrombopag olamine
blood products/modifiers/volume expanders,coagulants,tranexamic acid,tranexamic acid
blood products/modifiers/volume expanders,platelet modifying agents,prasugrel,prasugrel hydrochloride
blood products/modifiers/volume expanders,platelet modifying agents,ticlopidine,ticlopidine hydrochloride
blood products/modifiers/volume expanders,platelet modifying agents,ticagrelor,ticagrelor
blood products/modifiers/volume expanders,platelet modifying agents,dipyridamole,dipyridamole
blood products/modifiers/volume expanders,platelet modifying agents,cilostazol,cilostazol
cardiovascular agents,alpha-adrenergic agonists,clonidine,clonidine hydrochloride
cardiovascular agents,alpha-adrenergic agonists,methyldopa,methyldopa
cardiovascular agents,alpha-adrenergic agonists,methyldopa,methyldopa
cardiovascular agents,alpha-adrenergic blocking agents,prazosin,prazosin hydrochloride
cardiovascular agents,alpha-adrenergic blocking agents,terazosin,terazosin hydrochloride
cardiovascular agents,angiotensin-converting enzyme (ace) inhibitors,captopril,captopril
cardiovascular agents,angiotensin-converting enzyme (ace) inhibitors,enalapril,enalapril maleate
cardiovascular agents,angiotensin-converting enzyme (ace) inhibitors,lisinopril,lisinopril
cardiovascular agents,angiotensin-converting enzyme (ace) inhibitors,lisinopril,lisinopril
cardiovascular agents,angiotensin-converting enzyme (ace) inhibitors,ramipril,ramipril
cardiovascular agents,angiotensin ii receptor antagonists,azilsartan,azilsartan medoxomil
cardiovascular agents,angiotensin ii receptor antagonists,candesartan,candesartan cilexetil
cardiovascular agents,angiotensin ii receptor antagonists,irbesartan,irbesartan
cardiovascular agents,angiotensin ii receptor antagonists,losartan,losartan potassium
cardiovascular agents,angiotensin ii receptor antagonists,olmesartan,olmesartan medoxomil
cardiovascular agents,angiotensin ii receptor antagonists,telmisartan,telmisartan
cardiovascular agents,angiotensin ii receptor antagonists,valsartan,valsartan
cardiovascular agents,antiarrhythmics,amiodarone,amiodarone hydrochloride
cardiovascular agents,antiarrhythmics,disopyramide,disopyramide phosphate
cardiovascular agents,antiarrhythmics,propafenone,propafenone hydrochloride
cardiovascular agents,antiarrhythmics,sotalol,sotalol hydrochloride
cardiovascular agents,beta-adrenergic blocking agents,atenolol,atenolol
cardiovascular agents,beta-adrenergic blocking agents,betaxolol,betaxolol hydrochloride
cardiovascular agents,beta-adrenergic blocking agents,carvedilol,carvedilol
cardiovascular agents,beta-adrenergic blocking agents,labetalol,labetalol hydrochloride
cardiovascular agents,beta-adrenergic blocking agents,metoprolol,metoprolol tartrate
cardiovascular agents,beta-adrenergic blocking agents,nebivolol,nebivolol hydrochloride
cardiovascular agents,beta-adrenergic blocking agents,propranolol,propranolol hydrochloride
cardiovascular agents,beta-adrenergic blocking agents,timolol,timolol maleate
cardiovascular agents,calcium channel blocking agents,isradipine,isradipine
cardiovascular agents,calcium channel blocking agents,nifedipine,nifedipine
cardiovascular agents,calcium channel blocking agents,nimodipine,nimodipine
cardiovascular agents,calcium channel blocking agents,diltiazem,diltiazem hydrochloride
cardiovascular agents,calcium channel blocking agents,verapamil,verapamil hydrochloride
cardiovascular agents,"diuretics, carbonic anhydrase inhibitors",acetazolamide,acetazolamide
cardiovascular agents,"diuretics, loop",bumetanide,bumetanide
cardiovascular agents,"diuretics, loop",furosemide,furosemide
cardiovascular agents,"diuretics, loop",torsemide,torsemide
cardiovascular agents,"diuretics, potassium-sparing",eplerenone,eplerenone
cardiovascular agents,"diuretics, potassium-sparing",spironolactone,spironolactone
cardiovascular agents,"diuretics, thiazide",chlorthalidone,chlorthalidone
cardiovascular agents,"diuretics, thiazide",hydrochlorothiazide,hydrochlorothiazide
cardiovascular agents,"diuretics, thiazide",indapamide,indapamide
cardiovascular agents,"diuretics, thiazide",metolazone,metolazone
cardiovascular agents,"dyslipidemics, fibric acid derivatives",fenofibrate/fenofibric acid,fenofibrate
cardiovascular agents,"dyslipidemics, fibric acid derivatives",gemfibrozil,gemfibrozil
cardiovascular agents,"dyslipidemics, hmg coa reductase inhibitors",atorvastatin,atorvastatin calcium
cardiovascular agents,"dyslipidemics, hmg coa reductase inhibitors",fluvastatin,fluvastatin
cardiovascular agents,"dyslipidemics, hmg coa reductase inhibitors",pitavastatin,pitavastatin calcium
cardiovascular agents,"dyslipidemics, hmg coa reductase inhibitors",pravastatin,pravastatin sodium
cardiovascular agents,"dyslipidemics, hmg coa reductase inhibitors",rosuvastatin,rosuvastatin
cardiovascular agents,"dyslipidemics, hmg coa reductase inhibitors",rosuvastatin,rosuvastatin calcium
cardiovascular agents,"dyslipidemics, hmg coa reductase inhibitors",simvastatin,simvastatin
cardiovascular agents,"dyslipidemics, other",cholestyramine,cholestyramine resin
cardiovascular agents,"dyslipidemics, other",ezetimibe,ezetimibe
cardiovascular agents,"vasodilators, direct-acting arterial",minoxidil,minoxidil
cardiovascular agents,"vasodilators, direct-acting arterial/venous",isosorbide mononitrate,isosorbide mononitrate
cardiovascular agents,"cardiovascular agents, other",digoxin,digoxin
cardiovascular agents,"cardiovascular agents, other",pentoxifylline,pentoxifylline
cardiovascular agents,"cardiovascular agents, other",ranolazine,ranolazine
central nervous system agents,"attention deficit hyperactivity disorder agents, non- amphetamines",atomoxetine,atomoxetine hydrochloride
central nervous system agents,"attention deficit hyperactivity disorder agents, non- amphetamines",clonidine,clonidine hydrochloride
central nervous system agents,"attention deficit hyperactivity disorder agents, non- amphetamines",methylphenidate,methylphenidate hydrochloride
central nervous system agents,fibromyalgia agents,duloxetine,duloxetine hydrochloride
central nervous system agents,fibromyalgia agents,milnacipran,milnacipran hydrochloride
central nervous system agents,fibromyalgia agents,pregabalin,pregabalin
central nervous system agents,"central nervous system, other",tetrabenazine,tetrabenazine
central nervous system agents,"central nervous system, other",riluzole,riluzole
gastrointestinal agents,"antispasmodics, gastrointestinal",atropine,atropine sulfate
gastrointestinal agents,histamine2 (h2) receptor antagonists,famotidine,famotidine
gastrointestinal agents,histamine2 (h2) receptor antagonists,ranitidine,ranitidine hydrochloride
gastrointestinal agents,irritable bowel syndrome agents,linaclotide,linaclotide
gastrointestinal agents,irritable bowel syndrome agents,lubiprostone,lubiprostone
gastrointestinal agents,laxatives,lactulose,lactulose
gastrointestinal agents,protectants,misoprostol,misoprostol
gastrointestinal agents,protectants,sucralfate,sucralfate
gastrointestinal agents,proton pump inhibitors,dexlansoprazole,dexlansoprazole
gastrointestinal agents,proton pump inhibitors,esomeprazole,esomeprazole
gastrointestinal agents,proton pump inhibitors,lansoprazole,lansoprazole
gastrointestinal agents,proton pump inhibitors,omeprazole,omeprazole
gastrointestinal agents,proton pump inhibitors,rabeprazole,rabeprazole sodium
gastrointestinal agents,"gastrointestinal agents, other",loperamide,loperamide hydrochloride
gastrointestinal agents,"gastrointestinal agents, other",metoclopramide,metoclopramide hydrochloride
gastrointestinal agents,"gastrointestinal agents, other",metoclopramide,metoclopramide hydrochloride
gastrointestinal agents,"gastrointestinal agents, other",rifaximin,rifaximin
gastrointestinal agents,"gastrointestinal agents, other",somatropin,somatropin
genitourinary agents,"antispasmodics, urinary",mirabegron,mirabegron
genitourinary agents,"antispasmodics, urinary",darifenacin,darifenacin
genitourinary agents,"antispasmodics, urinary",flavoxate,flavoxate hydrochloride
genitourinary agents,"antispasmodics, urinary",solifenacin,solifenacin succinate
genitourinary agents,"antispasmodics, urinary",tolterodine,tolterodine tartrate
genitourinary agents,"antispasmodics, urinary",trospium,trospium chloride
genitourinary agents,benign prostatic hypertrophy agents,alfuzosin,alfuzosin hydrochloride
genitourinary agents,benign prostatic hypertrophy agents,prazosin,prazosin hydrochloride
genitourinary agents,benign prostatic hypertrophy agents,silodosin,silodosin
genitourinary agents,benign prostatic hypertrophy agents,terazosin,terazosin hydrochloride
genitourinary agents,benign prostatic hypertrophy agents,dutasteride,dutasteride
genitourinary agents,benign prostatic hypertrophy agents,tadalafil,tadalafil
genitourinary agents,phosphate binders,calcium acetate,calcium acetate
genitourinary agents,phosphate binders,calcium acetate,calcium acetate
genitourinary agents,phosphate binders,lanthanum,lanthanum carbonate
genitourinary agents,phosphate binders,sevelamer,sevelamer hydrochloride
genitourinary agents,phosphate binders,sevelamer,sevelamer carbonate
genitourinary agents,"genitourinary agents, other",pentosan polysulfate,pentosan polysulfate sodium
"hormonal agents, stimulant/replacement/modifying (sex hormones/modifiers)",androgens,danazol,danazol
"hormonal agents, stimulant/replacement/modifying (sex hormones/modifiers)",androgens,testosterone,testosterone
"hormonal agents, stimulant/replacement/modifying (sex hormones/modifiers)",androgens,testosterone,testosterone undecanoate
"hormonal agents, stimulant/replacement/modifying (sex hormones/modifiers)",androgens,testosterone,testosterone decanoate
"hormonal agents, stimulant/replacement/modifying (sex hormones/modifiers)",estrogens,estradiol,estradiol
"hormonal agents, stimulant/replacement/modifying (sex hormones/modifiers)",estrogens,estradiol,estradiol valerate
"hormonal agents, stimulant/replacement/modifying (sex hormones/modifiers)",progestins,levonorgestrel,levonorgestrel
"hormonal agents, stimulant/replacement/modifying (sex hormones/modifiers)",progestins,megestrol,megestrol acetate
"hormonal agents, stimulant/replacement/modifying (sex hormones/modifiers)",progestins,norgestrel,norgestrel
"hormonal agents, stimulant/replacement/modifying (sex hormones/modifiers)",selective estrogen receptor modifying agents,ospemifene,ospemifene
"hormonal agents, suppressant (thyroid)",antithyroid agents,methimazole,methimazole
"hormonal agents, suppressant (thyroid)",antithyroid agents,propylthiouracil,propylthiouracil
immunological agents,immune suppressants,mycophenolic acid,mycophenolic acid
immunological agents,immune suppressants,mycophenolic acid,mycophenolate mofetil
immunological agents,immune suppressants,cyclosporine,cyclosporine
immunological agents,immune suppressants,tofacitinib,tofacitinib
immunological agents,immune suppressants,mercaptopurine,mercaptopurine
immunological agents,immune suppressants,mercaptopurine,mercaptopurine
immunological agents,immune suppressants,everolimus,everolimus
immunological agents,immune suppressants,methotrexate,methotrexate
immunological agents,immune suppressants,pimecrolimus,pimecrolimus
immunological agents,immune suppressants,azathioprine,azathioprine
immunological agents,immune suppressants,adalimumab,adalimumab
immunological agents,immune suppressants,etanercept,etanercept
immunological agents,immune suppressants,golimumab,golimumab
immunological agents,immune suppressants,infliximab,infliximab
immunological agents,immunomodulators,tocilizumab,tocilizumab
immunological agents,immunomodulators,leflunomide,leflunomide
immunological agents,vaccines,rabies vaccine,rabies vaccine
immunological agents,vaccines,yellow fever vaccine,yellow fever vaccine
inflammatory bowel disease agents,glucocorticoids,betamethasone,betamethasone
inflammatory bowel disease agents,glucocorticoids,betamethasone,betamethasone sodium phosphate
inflammatory bowel disease agents,glucocorticoids,betamethasone,betamethasone valerate
inflammatory bowel disease agents,glucocorticoids,betamethasone,betamethasone dipropionate
inflammatory bowel disease agents,glucocorticoids,dexamethasone,dexamethasone
inflammatory bowel disease agents,glucocorticoids,hydrocortisone,hydrocortisone
inflammatory bowel disease agents,glucocorticoids,hydrocortisone,hydrocortisone acetate
inflammatory bowel disease agents,glucocorticoids,hydrocortisone,hydrocortisone butyrate
inflammatory bowel disease agents,glucocorticoids,methylprednisolone,methylprednisolone
inflammatory bowel disease agents,glucocorticoids,methylprednisolone,methylprednisolone sodium succinate
inflammatory bowel disease agents,glucocorticoids,methylprednisolone,methylprednisolone acetate
inflammatory bowel disease agents,glucocorticoids,prednisolone,prednisolone
inflammatory bowel disease agents,glucocorticoids,prednisolone,prednisolone acetate
inflammatory bowel disease agents,sulfonamides,sulfasalazine,sulfasalazine
ophthalmic agents,ophthalmic anti-allergy agents,epinastine,epinastine hydrochloride
ophthalmic agents,ophthalmic antiglaucoma agents,brimonidine,brimonidine tartrate
ophthalmic agents,ophthalmic antiglaucoma agents,betaxolol,betaxolol hydrochloride
ophthalmic agents,ophthalmic antiglaucoma agents,levobunolol,levobunolol
ophthalmic agents,ophthalmic antiglaucoma agents,timolol,timolol maleate
ophthalmic agents,ophthalmic antiglaucoma agents,acetazolamide,acetazolamide
ophthalmic agents,ophthalmic antiglaucoma agents,brinzolamide,brinzolamide
ophthalmic agents,ophthalmic anti-inflammatories,dexamethasone,dexamethasone
ophthalmic agents,ophthalmic anti-inflammatories,difluprednate,difluprednate
ophthalmic agents,ophthalmic anti-inflammatories,fluocinolone,fluocinolone acetonide
ophthalmic agents,ophthalmic anti-inflammatories,loteprednol,loteprednol etabonate
ophthalmic agents,ophthalmic anti-inflammatories,prednisolone,prednisolone
ophthalmic agents,ophthalmic anti-inflammatories,prednisolone,prednisolone acetate
ophthalmic agents,ophthalmic anti-inflammatories,bromfenac,bromfenac sodium
ophthalmic agents,ophthalmic anti-inflammatories,diclofenac,diclofenac potassium
ophthalmic agents,ophthalmic anti-inflammatories,diclofenac,diclofenac sodium
ophthalmic agents,ophthalmic anti-inflammatories,flurbiprofen,flurbiprofen
ophthalmic agents,ophthalmic anti-inflammatories,ketorolac,ketorolac tromethamine
ophthalmic agents,ophthalmic anti-inflammatories,nepafenac,nepafenac
ophthalmic agents,ophthalmic prostaglandin and prostamide analogs,bimatoprost,bimatoprost
ophthalmic agents,ophthalmic prostaglandin and prostamide analogs,latanoprost,latanoprost
ophthalmic agents,ophthalmic prostaglandin and prostamide analogs,tafluprost,tafluprost
ophthalmic agents,ophthalmic prostaglandin and prostamide analogs,travoprost,travoprost
ophthalmic agents,"ophthalmic agents, other",cyclosporine,cyclosporine
respiratory tract/pulmonary agents,antihistamines,cetirizine,cetirizine hydrochloride
respiratory tract/pulmonary agents,antihistamines,desloratadine,desloratadine
respiratory tract/pulmonary agents,antihistamines,levocetirizine,levocetirizine dihydrochloride
respiratory tract/pulmonary agents,antihistamines,diphenhydramine,diphenhydramine hydrochloride
respiratory tract/pulmonary agents,antihistamines,promethazine,promethazine hydrochloride
respiratory tract/pulmonary agents,"anti-inflammatories, inhaled corticosteroids",fluticasone,fluticasone furoate
respiratory tract/pulmonary agents,antileukotrienes,montelukast,montelukast sodium
respiratory tract/pulmonary agents,antileukotrienes,zafirlukast,zafirlukast
respiratory tract/pulmonary agents,"bronchodilators, anticholinergic",ipratropium,ipratropium bromide
respiratory tract/pulmonary agents,"bronchodilators, sympathomimetic",arformoterol,arformoterol tartrate
respiratory tract/pulmonary agents,"bronchodilators, sympathomimetic",ephedrine,ephedrine hydrochloride
respiratory tract/pulmonary agents,"bronchodilators, sympathomimetic",indacaterol,indacaterol maleate
respiratory tract/pulmonary agents,"bronchodilators, sympathomimetic",salmeterol,salmeterol xinafoate
respiratory tract/pulmonary agents,"bronchodilators, sympathomimetic",terbutaline,terbutaline sulfate
respiratory tract/pulmonary agents,"phosphodiesterase inhibitors, airways disease",aminophylline,aminophylline
respiratory tract/pulmonary agents,"phosphodiesterase inhibitors, airways disease",theophylline,theophylline
respiratory tract/pulmonary agents,"phosphodiesterase inhibitors, airways disease",theophylline,theophylline
respiratory tract/pulmonary agents,"phosphodiesterase inhibitors, airways disease",roflumilast,roflumilast
respiratory tract/pulmonary agents,pulmonary antihypertensives,ambrisentan,ambrisentan
respiratory tract/pulmonary agents,pulmonary antihypertensives,macitentan,macitentan
respiratory tract/pulmonary agents,pulmonary antihypertensives,sildenafil,sildenafil citrate
respiratory tract/pulmonary agents,pulmonary antihypertensives,tadalafil,tadalafil
respiratory tract/pulmonary agents,"respiratory tract agents, other",acetylcysteine,acetylcysteine
sleep disorder agents,gaba receptor modulators,flurazepam,flurazepam
sleep disorder agents,gaba receptor modulators,temazepam,temazepam
sleep disorder agents,gaba receptor modulators,eszopiclone,eszopiclone
sleep disorder agents,gaba receptor modulators,zaleplon,zaleplon
sleep disorder agents,gaba receptor modulators,zolpidem,zolpidem tartrate
sleep disorder agents,"sleep disorders, other",armodafinil,armodafinil
sleep disorder agents,"sleep disorders, other",ramelteon,ramelteon
therapeutic nutrients/minerals/electrolytes,electrolyte/mineral modifiers,deferasirox,deferasirox
therapeutic nutrients/minerals/electrolytes,electrolyte/mineral modifiers,deferiprone,deferiprone
therapeutic nutrients/minerals/electrolytes,electrolyte/mineral modifiers,sodium polystyrene sulfonate,sodium polystyrene sulfonate
therapeutic nutrients/minerals/electrolytes,electrolyte/mineral modifiers,tolvaptan,tolvaptan
therapeutic nutrients/minerals/electrolytes,electrolyte/mineral replacement,magnesium,magnesium hydroxide
therapeutic nutrients/minerals/electrolytes,electrolyte/mineral replacement,magnesium,magnesium oxide
therapeutic nutrients/minerals/electrolytes,electrolyte/mineral replacement,magnesium,magnesium sulfate
therapeutic nutrients/minerals/electrolytes,electrolyte/mineral replacement,potassium,potassium chloride
therapeutic nutrients/minerals/electrolytes,electrolyte/mineral replacement,potassium,potassium citrate
therapeutic nutrients/minerals/electrolytes,electrolyte/mineral replacement,sodium,sodium bicarbonate
